{"iXjqlOP6+ve/MfYmMzncHw==":"cafe-cachaca-logo-branco-sombra.webp","E/QlaRYuxKdwv3+WA9tbbQ==":"marmi.png","P6VFrPFvW+RiLVBV8w8LbQ==":"marmi-30-x-15-cm-30-x-25-cm.png","brMmi2cwNxLYDSqXe3lGNQ==":"picadi.avif","1RyrD+KPIx4cN5BzoaMM+w==":"files-de-frango-grelhados-completo-do-now-1666144220.jpg","Lfdzg+CgK99wsNQsvL3JQQ==":"contra.avif","XqStexa3ucYeWEdbgE9USg==":"background1.jpg","9yLNOA65uaN3odECNZSkYQ==":"feijoada-1.jpg","vE8rmidygX3Oa/ransQkxg==":"calabresa.avif","uTKWa56j6SDqxYipna/9PA==":"frango.jpg","UCLO0Vqi9b0nUfsmTCDWag==":"marmi-30-x-15-cm-30-x-25-cm-edit.png"}